<project xmlns="http://maven.apache.org/POM/4.0.0" xmlns:xsi="http://www.w3.org/2001/XMLSchema-instance"
	xsi:schemaLocation="http://maven.apache.org/POM/4.0.0 http://maven.apache.org/xsd/maven-4.0.0.xsd">
	<modelVersion>4.0.0</modelVersion>

	<groupId>local</groupId>
	<artifactId>central</artifactId>
	<version>0.0.0</version>

	<packaging>pom</packaging>

	<dependencies>
		<dependency>
			<groupId>org.eclipse.jdt</groupId>
			<artifactId>org.eclipse.jdt.annotation</artifactId>
			<version>2.1.100</version>
		</dependency>
		<dependency>
			<groupId>org.apache.felix</groupId>
			<artifactId>org.apache.felix.gogo.shell</artifactId>
			<version>1.0.0</version>
		</dependency>
		<dependency>
			<groupId>org.sat4j</groupId>
			<artifactId>org.sat4j.core</artifactId>
			<version>2.3.1</version>
		</dependency>
		<dependency>
			<groupId>de.jflex</groupId>
			<artifactId>jflex</artifactId>
			<version>1.6.1</version>
		</dependency>
		<dependency>
			<groupId>com.github.vbmacher</groupId>
			<artifactId>java-cup</artifactId>
			<version>11b-20160615</version>
		</dependency>
	</dependencies>

</project>
